1;Emilee;nT22(92G;2025-06-25
2;Barbara-anne;vL57to6aDO<JsN=;2024-11-17
3;Ty;lW86.0P9&;f-L+-A;2025-09-26
4;Lemuel;xW35-x8QS}t;2025-06-22
5;Nolana;yK94&}R%QLcb2;2025-05-12
6;Maurice;eC39){m$Ks;2025-07-05
7;Maje;lG91@&6X14oJ;2025-06-10
8;Galina;vO36+$pcfi~d67JK;2025-06-10
9;Natassia;rP83}9+Y03q3mC58;2025-08-26
10;Granny;jB78}{O-MLK*TL#Q;2025-02-16
11;Free;zP11'#xm.f;2025-06-23
12;Barry;dW83$n)'j{;2025-03-24
13;Bryan;gF97`1zrS;2025-08-29
14;Drek;iL40_Br(;2025-09-25
15;Gisela;qD07\pq{YZK9YA;2024-12-29
16;Dani;qI62;kdmm;2025-04-29
17;Marjy;rE38><kK)BI;2024-11-12
18;Gilli;bG12!;\q;2025-07-20
19;Bartholomew;dV61(wo')9jS;2025-05-01
20;Rudy;dL71)tgZh_=<;2025-05-05
21;Patrick;mF37.R-8-@O's;2025-09-07
22;Britt;qC95%.1Mm*HH;2024-10-28
23;Dre;eL04-_P&*WR<~!k;2025-01-09
24;Nels;eL66&<=#DP;I%o;2025-01-02
25;Jeffie;bI14*5C+55g\j;2025-06-18
26;Jodie;bN82&4ZI~6P;2024-11-09
27;Ag;vU20!h?A$jx%x8;2025-01-12
28;Marla;uK69{qW2zH1;2025-06-05
29;Luciana;sC92@EXEWein;2024-11-30
30;Micky;nU94'`0Vai;2025-03-31
31;Gustaf;fM92%%1Ed;2025-03-18
32;Ryley;uN63!x1_d<1;2024-11-28
33;Wilhelm;sA23>.BZ;2025-08-20
34;Kala;lI03NY$#O(N;2025-07-06
35;Marillin;uE81#<i+`BF7i;2025-01-09
36;Olympe;mA45&?rEf>Coub;2025-06-12
37;Nadya;eR28}foNX(W;2024-12-30
38;Elysia;kV06`E0eLt<f=;2025-05-05
39;Westley;bF59$r0C<%;2025-03-10
40;Codie;jU53~O7V&*ubjz;2025-03-08
41;Nyssa;lK36!wo+x4w;2025-06-05
42;Sylvia;eL72&GuQsl;2025-10-09
43;Beverlie;cW81%3=nzPO{4#;2025-04-07
44;Lexie;cJ26|9=`&Xn08i;2025-09-05
45;Lita;rV26\Vsd;2024-10-22
46;May;eD76'1)?K3rP;2025-08-13
47;Abagail;cR25`hgtXXn2;2025-02-07
48;Bobbe;kT08~DgYZ)jD$;2025-07-20
49;Gerome;pC63!RW<o{G;2025-07-09
50;Cordelia;oV36!C#13!E(52&Z;2025-03-26
51;Brendan;tF77$7>w;2025-07-26
52;Juana;sB58!`%Si;2025-02-11
53;Barny;gC41+4GNWV$Id;2025-04-18
54;Wolf;lB00\#g3+Ex5RY'x;2025-07-10
55;Casper;iG83?-pZ!8Kr@%';2025-05-25
56;Dianna;lS64\lQZa;2025-01-19
57;Gordie;xB07-V<8'S;2024-11-29
58;Persis;aB21.s)kP;2025-06-23
59;Iver;lR96_~y!=X;2025-07-05
60;Skippie;zG22>U!8Mx-p`y;2025-08-18
61;Valencia;qR71{_}N?ODF(`-!;2025-04-01
62;Barrie;qD10|)75Z$p!DB~Z;2025-03-14
63;Carina;kZ21>.*iUh(Av;2025-01-26
64;Nathalia;kE21*5e5;2025-04-15
65;Bernie;yW39#0OgVl)9;2024-11-18
66;Rosene;mL46~XYC>X?;2025-03-12
67;Lesley;aU86&<ytva-p5;2025-03-19
68;Adriano;mU38(jw@U};2025-06-15
69;Bette-ann;rP70@U{W5Y_iKX{-;2025-05-10
70;Lancelot;cS51&A\IJ;2025-06-17
71;Merissa;qT51{AhzdFz7abf;2025-05-19
72;Aurea;eJ10.p}4}M;2024-11-29
73;Callie;eJ47+`)0Y;2025-05-06
74;Morissa;rV14@yM3;2024-12-15
75;Bartolomeo;sE18~hk*2T;2025-10-10
76;Ailina;pP54%v9*;2025-10-05
77;Herschel;eE34>72P?+9CNN;2025-08-02
78;Bevvy;jP59-%svDZV`;2024-10-23
79;Ciro;wK21@ioKH>7>@}T8;2025-07-05
80;Papagena;rJ37~&5E+S;2025-03-02
81;Berty;tE49(2-aBv;2025-08-10
82;Madeline;gX33&{j?l@@;2024-12-02
83;Cthrine;mB41%!J0;2025-05-03
84;Conroy;jS80&yswd'RgM;2025-03-10
85;Shannon;qB13|p*kRp;0T;2025-05-04
86;Marsiella;nT48#s`asq5c;2025-04-02
87;Blondie;uP48;Ec\3b~#;2024-12-27
88;Christye;xU30-gN6f>Hm*`i;2024-11-25
89;Jonie;zZ78=9xYNK3Fn=LM;2024-12-21
90;Tobe;fF67)da$l&o);2025-09-21
91;Tabina;tA37)~Sfen95Mq>;2025-03-21
92;Palm;uN99{~HKP&h6&;2025-08-02
93;Early;jL68#~qm)z\`XNO;2025-02-16
94;Edward;uC57.(L!4cu`=Zao;2025-03-21
95;Egan;vD84<sB`=\3y5gA;2025-05-13
96;Jeffry;eW82=\D(';2025-07-31
97;Adrienne;fU78+w?ePhL;2024-11-21
98;Danni;uV89~PrNN%oj6{;2024-10-25
99;Cody;tK06?@_q1;2025-07-09
100;Laney;iK05`'=Dfk2;2025-02-24
